param_combination,mean_test_score,std_test_score,mean_fit_time,mean_score_time
{},-3304.6661177282185,129.15981808954612,0.27256045341491697,0.0025270938873291015
