param_combination,mean_test_score,std_test_score,mean_fit_time,mean_score_time
{},-3089.595559089837,1134.7365639020932,0.20532560348510742,0.0033137321472167967
